{
    "primeros": [
        59.89999999999999,
        62.39999999999999,
        62.3,
        63.099999999999994,
        58.0,
        54.1,
        59.599999999999994,
        61.300000000000004,
        61.99999999999999,
        63.7,
        62.5,
        52.7,
        57.7,
        61.39999999999999,
        63.9,
        63.699999999999996,
        59.8,
        64.3,
        58.9,
        55.2,
        60.6,
        58.3,
        63.00000000000001,
        59.199999999999996,
        61.7,
        63.1,
        59.5,
        68.3,
        61.6,
        59.9,
        57.5,
        60.3,
        66.3,
        56.199999999999996,
        62.6,
        65.6,
        69.89999999999999,
        66.0,
        57.800000000000004,
        64.69999999999999,
        62.10000000000001,
        65.1,
        65.8,
        58.00000000000001,
        64.8,
        62.2,
        65.2,
        62.0,
        60.00000000000001,
        64.4,
        52.8,
        64.4,
        59.099999999999994,
        58.0,
        63.099999999999994,
        67.9,
        61.199999999999996,
        63.49999999999999,
        61.5,
        64.4,
        68.5,
        70.2,
        59.0,
        59.2,
        65.1,
        64.0,
        64.3,
        61.099999999999994,
        61.5,
        63.400000000000006,
        63.300000000000004,
        66.8,
        66.0,
        65.1,
        62.2,
        62.0,
        58.300000000000004,
        60.300000000000004,
        62.400000000000006,
        62.3,
        59.10000000000001,
        55.9,
        62.8,
        62.800000000000004,
        58.6,
        59.5,
        60.599999999999994,
        62.300000000000004,
        65.4,
        54.0,
        51.99999999999999,
        56.89999999999999,
        58.49999999999999,
        66.9,
        61.7,
        62.5,
        60.300000000000004,
        61.5,
        55.60000000000001,
        62.60000000000001,
        65.2,
        56.699999999999996,
        64.4,
        65.39999999999999,
        58.0,
        61.2,
        62.800000000000004,
        65.8,
        64.2,
        66.2,
        60.6,
        68.5,
        71.0,
        59.9,
        62.0,
        62.5,
        68.5,
        66.0,
        65.10000000000001,
        70.4,
        66.5,
        63.4,
        66.4,
        63.7,
        65.9,
        60.99999999999999
    ],
    "ultimos": [
        33.800000000000004,
        26.9,
        24.799999999999997,
        33.599999999999994,
        23.799999999999997,
        33.5,
        27.6,
        17.1,
        20.900000000000006,
        7.600000000000001,
        17.799999999999997,
        26.699999999999996,
        27.199999999999996,
        41.199999999999996,
        24.299999999999997,
        39.2,
        39.60000000000001,
        45.0,
        21.4,
        31.5,
        34.99999999999999,
        36.3,
        27.799999999999997,
        41.800000000000004,
        42.3,
        38.99999999999999,
        29.900000000000006,
        38.5,
        42.900000000000006,
        34.6,
        32.400000000000006,
        38.5,
        34.400000000000006,
        29.0,
        34.89999999999999,
        35.1,
        11.600000000000001,
        39.99999999999999,
        43.3,
        28.799999999999997,
        30.900000000000006,
        34.199999999999996,
        25.5,
        33.800000000000004,
        34.0,
        34.7,
        25.199999999999996,
        14.100000000000001,
        28.900000000000006,
        30.099999999999994,
        34.300000000000004,
        34.1,
        29.299999999999997,
        16.799999999999997,
        -5.600000000000001,
        20.800000000000004,
        26.700000000000003,
        18.299999999999997,
        40.8,
        17.9,
        28.200000000000003,
        40.5,
        24.6,
        35.9,
        31.800000000000004,
        36.2,
        34.9,
        32.400000000000006,
        19.700000000000003,
        14.600000000000001,
        31.1,
        30.39999999999999,
        17.099999999999994,
        24.5,
        44.0,
        41.3,
        41.300000000000004,
        34.099999999999994,
        40.300000000000004,
        24.000000000000007,
        19.700000000000003,
        32.10000000000001,
        21.5,
        23.700000000000003,
        41.199999999999996,
        33.8,
        43.1,
        28.0,
        27.800000000000004,
        24.699999999999996,
        26.900000000000006,
        32.800000000000004,
        40.300000000000004,
        36.9,
        27.900000000000006,
        28.0,
        34.1,
        25.39999999999999,
        27.4,
        30.700000000000003,
        14.299999999999997,
        28.400000000000006,
        19.9,
        36.0,
        32.199999999999996,
        33.8,
        38.4,
        30.299999999999997,
        41.5,
        22.400000000000006,
        32.0,
        8.600000000000001,
        37.3,
        39.2,
        27.500000000000007,
        13.399999999999999,
        20.799999999999997,
        36.599999999999994,
        46.9,
        22.60000000000001,
        39.0,
        34.400000000000006,
        26.799999999999997,
        45.6,
        33.2
    ],
     "media": [
        45.55,
        41.519999999999996,
        46.35,
        48.980000000000004,
        40.019999999999996,
        44.8,
        48.09,
        50.739999999999995,
        48.739999999999995,
        42.69,
        42.77,
        44.790000000000006,
        42.49,
        53.56,
        52.69,
        54.459999999999994,
        52.510000000000005,
        55.3,
        44.35,
        42.92,
        47.44,
        50.04,
        46.88,
        52.36999999999999,
        52.95,
        51.05,
        45.46,
        51.64,
        51.35,
        44.910000000000004,
        46.2,
        51.460000000000015,
        52.71999999999999,
        45.21,
        48.07,
        53.00999999999999,
        44.75000000000001,
        55.230000000000004,
        52.14,
        49.18,
        50.21,
        48.8,
        50.33,
        44.77999999999999,
        46.52,
        48.470000000000006,
        48.65,
        46.269999999999996,
        46.64,
        46.959999999999994,
        45.7,
        44.940000000000005,
        47.37,
        45.150000000000006,
        46.86999999999999,
        53.080000000000005,
        46.2,
        43.03,
        47.120000000000005,
        49.15,
        50.92999999999999,
        50.53,
        50.620000000000005,
        52.129999999999995,
        51.669999999999995,
        51.82000000000001,
        49.449999999999996,
        49.13000000000001,
        46.33999999999999,
        47.26,
        49.82000000000001,
        49.29,
        50.769999999999996,
        52.42999999999999,
        54.95,
        54.00999999999999,
        50.85000000000001,
        45.3,
        48.690000000000005,
        44.410000000000004,
        46.040000000000006,
        47.81000000000001,
        43.269999999999996,
        46.69,
        50.03,
        50.06000000000001,
        53.04,
        49.879999999999995,
        51.120000000000005,
        40.959999999999994,
        42.7,
        47.559999999999995,
        48.28000000000001,
        51.919999999999995,
        49.029999999999994,
        47.05,
        46.239999999999995,
        44.17999999999999,
        43.959999999999994,
        49.92,
        47.78,
        45.5,
        44.239999999999995,
        48.55,
        45.94,
        49.22,
        49.9,
        52.620000000000005,
        52.52,
        53.03000000000001,
        52.1,
        46.580000000000005,
        49.51,
        50.72,
        50.58,
        48.56999999999999,
        47.519999999999996,
        55.81,
        57.96999999999999,
        51.89,
        56.06,
        51.79,
        47.309999999999995,
        54.989999999999995,
        49.78999999999999
     ]
    }
